Station,Station_Code,Line,Operator,
16 Sierra,PY38,12Putrajaya Line,Rapid Rail,MRT
Abdullah Hukum,KJ17,5Kelana Jaya Line,Rapid Rail,LRT
Alam Megah,KJ35,5Kelana Jaya Line,Rapid Rail,LRT
Alam Sutera,SP21,4Sri Petaling Line,Rapid Rail,LRT
Ampang,AG18,3Ampang Line,Rapid Rail,LRT
Ampang Park (LRT),KJ9,5Kelana Jaya Line,Rapid Rail,LRT
Ampang Park (MRT),PY20,12Putrajaya Line,Rapid Rail,MRT
Ara Damansara,KJ26,5Kelana Jaya Line,Rapid Rail,LRT
Asia Jaya,KJ21,5Kelana Jaya Line,Rapid Rail,LRT
Awan Besar,SP19,4Sri Petaling Line,Rapid Rail,LRT
Bandar Puteri,SP27,4Sri Petaling Line,Rapid Rail,LRT
Bandar Tasik Selatan,SP15,4Sri Petaling Line,Rapid Rail,LRT
Bandar Tun Hussein Onn,KG29,9Kajang Line,Rapid Rail,MRT
Bandar Tun Razak,SP14,4Sri Petaling Line,Rapid Rail,LRT
Bandar Utama,KG09,9Kajang Line,Rapid Rail,MRT
Bandaraya,AG6,3Ampang Line,Rapid Rail,LRT
Bandaraya,SP6,4Sri Petaling Line,Rapid Rail,LRT
Bangsar (Bank Rakyat-Bangsar),KJ16,5Kelana Jaya Line,Rapid Rail,LRT
Batu 11 Cheras,KG30,9Kajang Line,Rapid Rail,MRT
Bukit Bintang (MRT) (Pavilion Kuala Lumpur-Bukit Bintang),KG18A,9Kajang Line,Rapid Rail,MRT
Bukit Bintang Monorail,MR6,8KL Monorail,Rapid Rail,Monorail
Bukit Dukung,KG31,9Kajang Line,Rapid Rail,MRT
Bukit Jalil,SP17,4Sri Petaling Line,Rapid Rail,LRT
Bukit Nanas,MR8,8KL Monorail,Rapid Rail,Monorail
Cahaya,AG17,3Ampang Line,Rapid Rail,LRT
Cempaka,AG16,3Ampang Line,Rapid Rail,LRT
Chan Sow Lin,PY24,12Putrajaya Line,Rapid Rail,MRT
Chan Sow Lin,AG11,3Ampang Line,Rapid Rail,LRT
Chan Sow Lin,SP11,4Sri Petaling Line,Rapid Rail,MRT
Cheras,SP12,4Sri Petaling Line,Rapid Rail,LRT
Chow Kit,MR10,8KL Monorail,Rapid Rail,Monorail
Cochrane,KG21,9Kajang Line,Rapid Rail,MRT
Conlay (Conlay-Kompleks Kraf),PY22,12Putrajaya Line,Rapid Rail,MRT
Cyberjaya City Centre (Cyberjaya City Centre-Limkokwing),PY40,12Putrajaya Line,Rapid Rail,MRT
Cyberjaya Utara (Cyberjaya Utara-Finexus),PY39,12Putrajaya Line,Rapid Rail,MRT
Damai,KJ8,5Kelana Jaya Line,Rapid Rail,LRT
Damansara Damai,PY05,12Putrajaya Line,Rapid Rail,MRT
Dang Wangi,KJ12,5Kelana Jaya Line,Rapid Rail,LRT
Dato'' Keramat,KJ7,5Kelana Jaya Line,Rapid Rail,LRT
Glenmarie (CGC-Glenmarie),KJ27,5Kelana Jaya Line,Rapid Rail,LRT
Gombak,KJ1,5Kelana Jaya Line,Rapid Rail,LRT
Hang Tuah (BBCC-Hang Tuah),AG9,3Ampang Line,Rapid Rail,LRT
Hang Tuah (BBCC-Hang Tuah),SP9,4Sri Petaling Line,Rapid Rail,Monorail
Hang Tuah (BBCC-Hang Tuah),MR4,8KL Monorail,Rapid Rail,Monorail
Hospital Kuala Lumpur,PY18,12Putrajaya Line,Rapid Rail,MRT
Imbi,MR5,8KL Monorail,Rapid Rail,Monorail
IOI Puchong Jaya,SP24,4Sri Petaling Line,Rapid Rail,LRT
Jalan Ipoh,PY15,12Putrajaya Line,Rapid Rail,MRT
Jelatek,KJ6,5Kelana Jaya Line,Rapid Rail,LRT
Jinjang,PY11,12Putrajaya Line,Rapid Rail,MRT
Kajang,KG35,9Kajang Line,Rapid Rail,MRT
Kampung Baru (Kampung Baru-Co-opbank Pertama),KJ11,5Kelana Jaya Line,Rapid Rail,LRT
Kampung Batu,PY13,12Putrajaya Line,Rapid Rail,MRT
Kampung Selamat,PY03,12Putrajaya Line,Rapid Rail,MRT
Kelana Jaya,KJ24,5Kelana Jaya Line,Rapid Rail,LRT
Kentonmen,PY14,12Putrajaya Line,Rapid Rail,MRT
Kepong Baru,PY10,12Putrajaya Line,Rapid Rail,MRT
Kerinchi,KJ18,5Kelana Jaya Line,Rapid Rail,LRT
Kinrara BK5,SP22,4Sri Petaling Line,Rapid Rail,LRT
KLCC,KJ10,5Kelana Jaya Line,Rapid Rail,LRT
Kota Damansara (Kota Damansara-Thomson Hospital),KG06,9Kajang Line,Rapid Rail,MRT
Kuala Lumpur Sentral (KL Sentral),KJ15,2Tanjung Malim-Port Klang Line,Rapid Rail,LRT
Kuala Lumpur Sentral (KL Sentral) Monorail,MR1,8KL Monorail,Rapid Rail,Monorail
Kuchai,PY27,12Putrajaya Line,Rapid Rail,MRT
Kwasa Damansara,PY01,12Putrajaya Line,Rapid Rail,MRT
Kwasa Damansara,KG04,9Kajang Line,Rapid Rail,MRT
Kwasa Sentral,KG05,9Kajang Line,Rapid Rail,MRT
Lembah Subang,KJ25,5Kelana Jaya Line,Rapid Rail,LRT
Maharajalela,MR3,8KL Monorail,Rapid Rail,Monorail
Maluri (AEON-Maluri),AG13,3Ampang Line,Rapid Rail,LRT
Maluri (AEON-Maluri),KG22,9Kajang Line,Rapid Rail,MRT
Masjid Jamek,AG7,3Ampang Line,Rapid Rail,LRT
Masjid Jamek,SP7,4Sri Petaling Line,Rapid Rail,LRT
Masjid Jamek,KJ13,5Kelana Jaya Line,Rapid Rail,LRT
Medan Tuanku,MR9,8KL Monorail,Rapid Rail,Monorail
Merdeka,KG17,9Kajang Line,Rapid Rail,MRT
Metro Prima,PY09,12Putrajaya Line,Rapid Rail,MRT
Miharja,AG12,3Ampang Line,Rapid Rail,LRT
Muhibbah,SP20,4Sri Petaling Line,Rapid Rail,LRT
Mutiara Damansara,KG08,9Kajang Line,Rapid Rail,MRT
Muzium Negara,KG15,9Kajang Line,Rapid Rail,MRT
Pandan Indah,AG15,3Ampang Line,Rapid Rail,LRT
Pandan Jaya,AG14,3Ampang Line,Rapid Rail,LRT
Pasar Seni,KJ14,5Kelana Jaya Line,Rapid Rail,LRT
Pasar Seni,KG16,9Kajang Line,Rapid Rail,MRT
Persiaran KLCC,PY21,12Putrajaya Line,Rapid Rail,MRT
Phileo Damansara,KG12,9Kajang Line,Rapid Rail,MRT
Plaza Rakyat,AG8,3Ampang Line,Rapid Rail,LRT
Plaza Rakyat,SP8,4Sri Petaling Line,Rapid Rail,LRT
Puchong Perdana,SP28,4Sri Petaling Line,Rapid Rail,LRT
Puchong Prima,SP29,4Sri Petaling Line,Rapid Rail,LRT
Pudu,AG10,3Ampang Line,Rapid Rail,LRT
Pudu,SP10,4Sri Petaling Line,Rapid Rail,LRT
Pusat Bandar Damansara (Pavilion Damansara Heights-Pusat Bandar Damansara),KG13,9Kajang Line,Rapid Rail,MRT
Pusat Bandar Puchong,SP25,4Sri Petaling Line,Rapid Rail,LRT
Putra Heights,SP31,4Sri Petaling Line,Rapid Rail,LRT
Putra Heights,KJ37,5Kelana Jaya Line,Rapid Rail,LRT
Putra Permai,PY37,12Putrajaya Line,Rapid Rail,MRT
Putrajaya Sentral,PY41,12Putrajaya Line,Rapid Rail,MRT
PWTC,AG4,3Ampang Line,Rapid Rail,LRT
PWTC,SP4,4Sri Petaling Line,Rapid Rail,LRT
Raja Chulan,MR7,8KL Monorail,Rapid Rail,Monorail
Raja Uda (Raja Uda-UTM),PY19,12Putrajaya Line,Rapid Rail,MRT
Salak Selatan (LRT),SP13,4Sri Petaling Line,Rapid Rail,LRT
Semantan,KG14,9Kajang Line,Rapid Rail,MRT
Sentul (LRT),AG2,3Ampang Line,Rapid Rail,LRT
Sentul (LRT),SP2,4Sri Petaling Line,Rapid Rail,LRT
Sentul Barat,PY16,12Putrajaya Line,Rapid Rail,MRT
Sentul Timur,AG1,3Ampang Line,Rapid Rail,LRT
Sentul Timur,SP1,4Sri Petaling Line,Rapid Rail,LRT
Serdang Jaya,PY33,12Putrajaya Line,Rapid Rail,MRT
Serdang Raya Selatan,PY32,12Putrajaya Line,Rapid Rail,MRT
Serdang Raya Utara,PY31,12Putrajaya Line,Rapid Rail,MRT
Setiawangsa,KJ5,5Kelana Jaya Line,Rapid Rail,LRT
Sri Damansara Barat,PY06,12Putrajaya Line,Rapid Rail,MRT
Sri Damansara Sentral,PY07,12Putrajaya Line,Rapid Rail,MRT
Sri Damansara Timur,PY08,12Putrajaya Line,Rapid Rail,MRT
Sri Delima,PY12,12Putrajaya Line,Rapid Rail,MRT
Sri Petaling,SP18,4Sri Petaling Line,Rapid Rail,LRT
Sri Rampai,KJ4,5Kelana Jaya Line,Rapid Rail,LRT
Sri Raya,KG28,9Kajang Line,Rapid Rail,MRT
SS15,KJ29,5Kelana Jaya Line,Rapid Rail,LRT
SS18,KJ30,5Kelana Jaya Line,Rapid Rail,LRT
Stadium Kajang,KG34,9Kajang Line,Rapid Rail,MRT
Subang Alam,KJ36,5Kelana Jaya Line,Rapid Rail,LRT
Subang Jaya,KS02,5Kelana Jaya Line,Rapid Rail,LRT
Sultan Ismail,AG5,3Ampang Line,Rapid Rail,LRT
Sultan Ismail,SP5,4Sri Petaling Line,Rapid Rail,LRT
Sungai Besi,PY29,12Putrajaya Line,Rapid Rail,MRT
Sungai Besi,SP16,4Sri Petaling Line,Rapid Rail,LRT
Sungai Buloh,PY04,12Putrajaya Line,Rapid Rail,MRT
Sungai Jernih,KG33,9Kajang Line,Rapid Rail,MRT
Surian (Surian-IOI Mall Damasnara),KG07,9Kajang Line,Rapid Rail,MRT
Taipan,KJ32,5Kelana Jaya Line,Rapid Rail,LRT
Taman Bahagia,KJ23,5Kelana Jaya Line,Rapid Rail,LRT
Taman Connaught,KG26,9Kajang Line,Rapid Rail,MRT
Taman Equine,PY36,12Putrajaya Line,Rapid Rail,MRT
Taman Jaya,KJ20,5Kelana Jaya Line,Rapid Rail,LRT
Taman Melati,KJ2,5Kelana Jaya Line,Rapid Rail,LRT
Taman Midah,KG24,9Kajang Line,Rapid Rail,MRT
Taman Mutiara,KG25,9Kajang Line,Rapid Rail,MRT
Taman Naga Emas,PY28,12Putrajaya Line,Rapid Rail,MRT
Taman Paramount,KJ22,5Kelana Jaya Line,Rapid Rail,LRT
Taman Perindustrian Puchong,SP26,4Sri Petaling Line,Rapid Rail,LRT
Taman Pertama,KG23,9Kajang Line,Rapid Rail,MRT
Taman Suntex,KG27,9Kajang Line,Rapid Rail,MRT
Taman Tun Dr Ismail (Taman Tun Dr Ismail-Deloitte),KG10,9Kajang Line,Rapid Rail,MRT
Titiwangsa,PY17,12Putrajaya Line,Rapid Rail,MRT
Titiwangsa,AG3,3Ampang Line,Rapid Rail,LRT
Titiwangsa,SP3,4Sri Petaling Line,Rapid Rail,Monorail
Titiwangsa,MR11,8KL Monorail,Rapid Rail,Monorail
Tun Razak Exchange (Tun Razak Exchange-Samsung Galaxy),PY23,12Putrajaya Line,Rapid Rail,MRT
Tun Razak Exchange (Tun Razak Exchange-Samsung Galaxy),KG20,9Kajang Line,Rapid Rail,MRT
Tun Sambanthan,MR2,8KL Monorail,Rapid Rail,Monorail
Universiti,KJ19,5Kelana Jaya Line,Rapid Rail,LRT
UPM,PY34,12Putrajaya Line,Rapid Rail,MRT
USJ 21,KJ34,5Kelana Jaya Line,Rapid Rail,LRT
USJ 7,KJ31,5Kelana Jaya Line,Rapid Rail,LRT
Wangsa Maju,KJ3,5Kelana Jaya Line,Rapid Rail,LRT
Wawasan,KJ33,5Kelana Jaya Line,Rapid Rail,LRT